"X.Intercept.","x","sigma"
-4.18928682638246,1.0046969792728,2.40797557893616
