"beta1","beta2","sigma"
-4.18990083050147,1.00484290096762,2.40818441259159
