"beta1","beta2","sigma"
-4.1296048606276,0.990322465358587,2.49392287661191
